{
  "auth" : {
    "transaction" : "auth",
    "sampleCount" : 200,
    "errorCount" : 0,
    "errorPct" : 0.0,
    "meanResTime" : 3649.675000000002,
    "medianResTime" : 3909.5,
    "minResTime" : 1521.0,
    "maxResTime" : 4682.0,
    "pct1ResTime" : 4540.0,
    "pct2ResTime" : 4582.9,
    "pct3ResTime" : 4649.9,
    "throughput" : 40.37956793862306,
    "receivedKBytesPerSec" : 30.589100040379567,
    "sentKBytesPerSec" : 9.858292953765394
  },
  "Total" : {
    "transaction" : "Total",
    "sampleCount" : 1200,
    "errorCount" : 0,
    "errorPct" : 0.0,
    "meanResTime" : 862.4441666666655,
    "medianResTime" : 305.0,
    "minResTime" : 288.0,
    "maxResTime" : 4682.0,
    "pct1ResTime" : 3615.000000000001,
    "pct2ResTime" : 4362.75,
    "pct3ResTime" : 4565.9400000000005,
    "throughput" : 171.87052420509883,
    "receivedKBytesPerSec" : 147.05615779862504,
    "sentKBytesPerSec" : 63.64020875107419
  },
  "GetBooking" : {
    "transaction" : "GetBooking",
    "sampleCount" : 200,
    "errorCount" : 0,
    "errorPct" : 0.0,
    "meanResTime" : 309.06000000000006,
    "medianResTime" : 303.0,
    "minResTime" : 288.0,
    "maxResTime" : 1018.0,
    "pct1ResTime" : 317.0,
    "pct2ResTime" : 327.84999999999997,
    "pct3ResTime" : 502.3200000000015,
    "throughput" : 58.63383172090296,
    "receivedKBytesPerSec" : 52.75899662855468,
    "sentKBytesPerSec" : 27.656387423043096
  },
  "DeleteBooking" : {
    "transaction" : "DeleteBooking",
    "sampleCount" : 200,
    "errorCount" : 0,
    "errorPct" : 0.0,
    "meanResTime" : 300.86000000000024,
    "medianResTime" : 299.0,
    "minResTime" : 288.0,
    "maxResTime" : 349.0,
    "pct1ResTime" : 310.0,
    "pct2ResTime" : 311.0,
    "pct3ResTime" : 322.97,
    "throughput" : 58.360081704114386,
    "receivedKBytesPerSec" : 42.915177268748174,
    "sentKBytesPerSec" : 14.3620513568719
  },
  "CreateBooking" : {
    "transaction" : "CreateBooking",
    "sampleCount" : 200,
    "errorCount" : 0,
    "errorPct" : 0.0,
    "meanResTime" : 305.0049999999998,
    "medianResTime" : 302.0,
    "minResTime" : 289.0,
    "maxResTime" : 505.0,
    "pct1ResTime" : 318.9,
    "pct2ResTime" : 328.0,
    "pct3ResTime" : 340.0,
    "throughput" : 69.39625260235947,
    "receivedKBytesPerSec" : 64.33927177307424,
    "sentKBytesPerSec" : 31.784025850104094
  },
  "UpdateBooking" : {
    "transaction" : "UpdateBooking",
    "sampleCount" : 200,
    "errorCount" : 0,
    "errorPct" : 0.0,
    "meanResTime" : 302.76000000000005,
    "medianResTime" : 303.0,
    "minResTime" : 289.0,
    "maxResTime" : 325.0,
    "pct1ResTime" : 311.0,
    "pct2ResTime" : 315.95,
    "pct3ResTime" : 318.99,
    "throughput" : 58.41121495327103,
    "receivedKBytesPerSec" : 53.01730432242991,
    "sentKBytesPerSec" : 29.14856527453271
  },
  "PartialUpdatebooking" : {
    "transaction" : "PartialUpdatebooking",
    "sampleCount" : 200,
    "errorCount" : 0,
    "errorPct" : 0.0,
    "meanResTime" : 307.30499999999995,
    "medianResTime" : 303.5,
    "minResTime" : 288.0,
    "maxResTime" : 358.0,
    "pct1ResTime" : 327.8,
    "pct2ResTime" : 348.0,
    "pct3ResTime" : 355.99,
    "throughput" : 58.22416302765647,
    "receivedKBytesPerSec" : 52.76564774381368,
    "sentKBytesPerSec" : 17.62645560407569
  }
}