{
  "auth" : {
    "transaction" : "auth",
    "sampleCount" : 700,
    "errorCount" : 0,
    "errorPct" : 0.0,
    "meanResTime" : 6788.817142857141,
    "medianResTime" : 5508.5,
    "minResTime" : 2766.0,
    "maxResTime" : 14682.0,
    "pct1ResTime" : 11525.6,
    "pct2ResTime" : 12249.249999999998,
    "pct3ResTime" : 12689.87,
    "throughput" : 47.54465801806697,
    "receivedKBytesPerSec" : 36.049038918698635,
    "sentKBytesPerSec" : 11.607582523942131
  },
  "Total" : {
    "transaction" : "Total",
    "sampleCount" : 4200,
    "errorCount" : 0,
    "errorPct" : 0.0,
    "meanResTime" : 1485.9845238095254,
    "medianResTime" : 326.0,
    "minResTime" : 285.0,
    "maxResTime" : 14682.0,
    "pct1ResTime" : 5177.6,
    "pct2ResTime" : 7443.9,
    "pct3ResTime" : 12123.96,
    "throughput" : 259.0354015048723,
    "receivedKBytesPerSec" : 221.83833222832124,
    "sentKBytesPerSec" : 95.91561497779698
  },
  "GetBooking" : {
    "transaction" : "GetBooking",
    "sampleCount" : 700,
    "errorCount" : 0,
    "errorPct" : 0.0,
    "meanResTime" : 427.5614285714284,
    "medianResTime" : 318.0,
    "minResTime" : 286.0,
    "maxResTime" : 1440.0,
    "pct1ResTime" : 795.3999999999999,
    "pct2ResTime" : 1226.9499999999998,
    "pct3ResTime" : 1296.8300000000002,
    "throughput" : 59.85975714041389,
    "receivedKBytesPerSec" : 53.94359554044809,
    "sentKBytesPerSec" : 28.234631541816313
  },
  "DeleteBooking" : {
    "transaction" : "DeleteBooking",
    "sampleCount" : 700,
    "errorCount" : 0,
    "errorPct" : 0.0,
    "meanResTime" : 364.4514285714283,
    "medianResTime" : 301.0,
    "minResTime" : 285.0,
    "maxResTime" : 1186.0,
    "pct1ResTime" : 422.9,
    "pct2ResTime" : 1011.7999999999997,
    "pct3ResTime" : 1118.0,
    "throughput" : 61.32819344664448,
    "receivedKBytesPerSec" : 45.08477801384265,
    "sentKBytesPerSec" : 15.092485106010164
  },
  "CreateBooking" : {
    "transaction" : "CreateBooking",
    "sampleCount" : 700,
    "errorCount" : 0,
    "errorPct" : 0.0,
    "meanResTime" : 454.82285714285734,
    "medianResTime" : 332.0,
    "minResTime" : 286.0,
    "maxResTime" : 1429.0,
    "pct1ResTime" : 796.8,
    "pct2ResTime" : 1121.5999999999995,
    "pct3ResTime" : 1252.95,
    "throughput" : 59.854638734501926,
    "receivedKBytesPerSec" : 55.569955109020945,
    "sentKBytesPerSec" : 27.413892154766994
  },
  "UpdateBooking" : {
    "transaction" : "UpdateBooking",
    "sampleCount" : 700,
    "errorCount" : 0,
    "errorPct" : 0.0,
    "meanResTime" : 455.2528571428571,
    "medianResTime" : 319.0,
    "minResTime" : 286.0,
    "maxResTime" : 1343.0,
    "pct1ResTime" : 1013.9,
    "pct2ResTime" : 1073.9499999999998,
    "pct3ResTime" : 1250.7400000000002,
    "throughput" : 59.84952120383037,
    "receivedKBytesPerSec" : 54.40127768040356,
    "sentKBytesPerSec" : 29.86631380386457
  },
  "PartialUpdatebooking" : {
    "transaction" : "PartialUpdatebooking",
    "sampleCount" : 700,
    "errorCount" : 0,
    "errorPct" : 0.0,
    "meanResTime" : 425.0014285714281,
    "medianResTime" : 310.0,
    "minResTime" : 285.0,
    "maxResTime" : 1197.0,
    "pct1ResTime" : 978.0,
    "pct2ResTime" : 1021.7499999999997,
    "pct3ResTime" : 1118.0,
    "throughput" : 60.72698880888349,
    "receivedKBytesPerSec" : 55.0494220091958,
    "sentKBytesPerSec" : 18.38414700268934
  }
}