{
  "auth" : {
    "transaction" : "auth",
    "sampleCount" : 1000,
    "errorCount" : 0,
    "errorPct" : 0.0,
    "meanResTime" : 7193.134,
    "medianResTime" : 6855.0,
    "minResTime" : 2646.0,
    "maxResTime" : 12889.0,
    "pct1ResTime" : 11219.9,
    "pct2ResTime" : 11514.699999999999,
    "pct3ResTime" : 12546.670000000002,
    "throughput" : 75.431847325941,
    "receivedKBytesPerSec" : 57.23185156898243,
    "sentKBytesPerSec" : 18.415978351059817
  },
  "Total" : {
    "transaction" : "Total",
    "sampleCount" : 6000,
    "errorCount" : 0,
    "errorPct" : 0.0,
    "meanResTime" : 1941.6381666666637,
    "medianResTime" : 967.0,
    "minResTime" : 249.0,
    "maxResTime" : 12889.0,
    "pct1ResTime" : 5849.900000000001,
    "pct2ResTime" : 7933.549999999998,
    "pct3ResTime" : 11430.859999999997,
    "throughput" : 380.9040121889284,
    "receivedKBytesPerSec" : 326.92326768029454,
    "sentKBytesPerSec" : 141.28910217750126
  },
  "GetBooking" : {
    "transaction" : "GetBooking",
    "sampleCount" : 1000,
    "errorCount" : 0,
    "errorPct" : 0.0,
    "meanResTime" : 688.7689999999998,
    "medianResTime" : 771.0,
    "minResTime" : 249.0,
    "maxResTime" : 1767.0,
    "pct1ResTime" : 943.0,
    "pct2ResTime" : 1025.0,
    "pct3ResTime" : 1321.94,
    "throughput" : 94.03799134850479,
    "receivedKBytesPerSec" : 84.81014611152905,
    "sentKBytesPerSec" : 44.44764434831672
  },
  "DeleteBooking" : {
    "transaction" : "DeleteBooking",
    "sampleCount" : 1000,
    "errorCount" : 0,
    "errorPct" : 0.0,
    "meanResTime" : 1024.903,
    "medianResTime" : 1212.0,
    "minResTime" : 253.0,
    "maxResTime" : 1697.0,
    "pct1ResTime" : 1388.8,
    "pct2ResTime" : 1440.9499999999998,
    "pct3ResTime" : 1510.99,
    "throughput" : 89.40545373267769,
    "receivedKBytesPerSec" : 66.07936130978989,
    "sentKBytesPerSec" : 22.089433392936968
  },
  "CreateBooking" : {
    "transaction" : "CreateBooking",
    "sampleCount" : 1000,
    "errorCount" : 0,
    "errorPct" : 0.0,
    "meanResTime" : 678.9220000000004,
    "medianResTime" : 745.5,
    "minResTime" : 249.0,
    "maxResTime" : 2907.0,
    "pct1ResTime" : 986.0,
    "pct2ResTime" : 1175.0,
    "pct3ResTime" : 1351.95,
    "throughput" : 96.14460148062687,
    "receivedKBytesPerSec" : 89.32471937794443,
    "sentKBytesPerSec" : 44.03497860782617
  },
  "UpdateBooking" : {
    "transaction" : "UpdateBooking",
    "sampleCount" : 1000,
    "errorCount" : 0,
    "errorPct" : 0.0,
    "meanResTime" : 1013.9539999999992,
    "medianResTime" : 1136.0,
    "minResTime" : 251.0,
    "maxResTime" : 1988.0,
    "pct1ResTime" : 1338.0,
    "pct2ResTime" : 1346.0,
    "pct3ResTime" : 1377.95,
    "throughput" : 90.17945711966814,
    "receivedKBytesPerSec" : 82.13551999729461,
    "sentKBytesPerSec" : 45.08972855983407
  },
  "PartialUpdatebooking" : {
    "transaction" : "PartialUpdatebooking",
    "sampleCount" : 1000,
    "errorCount" : 0,
    "errorPct" : 0.0,
    "meanResTime" : 1050.1469999999988,
    "medianResTime" : 1239.5,
    "minResTime" : 254.0,
    "maxResTime" : 1595.0,
    "pct1ResTime" : 1422.0,
    "pct2ResTime" : 1451.9499999999998,
    "pct3ResTime" : 1510.97,
    "throughput" : 89.23790826343031,
    "receivedKBytesPerSec" : 81.21869701499197,
    "sentKBytesPerSec" : 27.102528779225416
  }
}