{
  "auth" : {
    "transaction" : "auth",
    "sampleCount" : 400,
    "errorCount" : 0,
    "errorPct" : 0.0,
    "meanResTime" : 3541.772499999998,
    "medianResTime" : 3624.5,
    "minResTime" : 1281.0,
    "maxResTime" : 4990.0,
    "pct1ResTime" : 4616.8,
    "pct2ResTime" : 4705.8,
    "pct3ResTime" : 4923.97,
    "throughput" : 77.8816199376947,
    "receivedKBytesPerSec" : 58.86298919392523,
    "sentKBytesPerSec" : 19.014067367601246
  },
  "Total" : {
    "transaction" : "Total",
    "sampleCount" : 2400,
    "errorCount" : 0,
    "errorPct" : 0.0,
    "meanResTime" : 976.5050000000008,
    "medianResTime" : 493.5,
    "minResTime" : 287.0,
    "maxResTime" : 4990.0,
    "pct1ResTime" : 3381.6000000000004,
    "pct2ResTime" : 4134.949999999996,
    "pct3ResTime" : 4681.959999999999,
    "throughput" : 329.9422601044817,
    "receivedKBytesPerSec" : 282.1135207588672,
    "sentKBytesPerSec" : 122.38580904591696
  },
  "GetBooking" : {
    "transaction" : "GetBooking",
    "sampleCount" : 400,
    "errorCount" : 0,
    "errorPct" : 0.0,
    "meanResTime" : 397.96750000000003,
    "medianResTime" : 407.5,
    "minResTime" : 290.0,
    "maxResTime" : 523.0,
    "pct1ResTime" : 484.0,
    "pct2ResTime" : 493.9,
    "pct3ResTime" : 505.0,
    "throughput" : 115.54015020219526,
    "receivedKBytesPerSec" : 103.941002310803,
    "sentKBytesPerSec" : 54.61077411900635
  },
  "DeleteBooking" : {
    "transaction" : "DeleteBooking",
    "sampleCount" : 400,
    "errorCount" : 0,
    "errorPct" : 0.0,
    "meanResTime" : 470.34,
    "medianResTime" : 408.0,
    "minResTime" : 289.0,
    "maxResTime" : 701.0,
    "pct1ResTime" : 626.4000000000002,
    "pct2ResTime" : 649.95,
    "pct3ResTime" : 698.0,
    "throughput" : 108.48928668294006,
    "receivedKBytesPerSec" : 79.62944128017358,
    "sentKBytesPerSec" : 26.80448196365609
  },
  "CreateBooking" : {
    "transaction" : "CreateBooking",
    "sampleCount" : 400,
    "errorCount" : 0,
    "errorPct" : 0.0,
    "meanResTime" : 369.4550000000001,
    "medianResTime" : 346.0,
    "minResTime" : 287.0,
    "maxResTime" : 1130.0,
    "pct1ResTime" : 445.90000000000003,
    "pct2ResTime" : 453.95,
    "pct3ResTime" : 485.98,
    "throughput" : 121.21212121212122,
    "receivedKBytesPerSec" : 112.44791666666667,
    "sentKBytesPerSec" : 55.516098484848484
  },
  "UpdateBooking" : {
    "transaction" : "UpdateBooking",
    "sampleCount" : 400,
    "errorCount" : 0,
    "errorPct" : 0.0,
    "meanResTime" : 541.7000000000005,
    "medianResTime" : 581.5,
    "minResTime" : 298.0,
    "maxResTime" : 698.0,
    "pct1ResTime" : 648.0,
    "pct2ResTime" : 658.0,
    "pct3ResTime" : 697.0,
    "throughput" : 107.84578053383662,
    "receivedKBytesPerSec" : 97.88900310056619,
    "sentKBytesPerSec" : 53.92289026691831
  },
  "PartialUpdatebooking" : {
    "transaction" : "PartialUpdatebooking",
    "sampleCount" : 400,
    "errorCount" : 0,
    "errorPct" : 0.0,
    "meanResTime" : 537.7949999999994,
    "medianResTime" : 563.0,
    "minResTime" : 294.0,
    "maxResTime" : 698.0,
    "pct1ResTime" : 658.9000000000001,
    "pct2ResTime" : 677.95,
    "pct3ResTime" : 685.0,
    "throughput" : 107.00909577314071,
    "receivedKBytesPerSec" : 96.89339218833601,
    "sentKBytesPerSec" : 32.499832798287855
  }
}