{
  "auth" : {
    "transaction" : "auth",
    "sampleCount" : 5000,
    "errorCount" : 8,
    "errorPct" : 0.16,
    "meanResTime" : 38992.9904000001,
    "medianResTime" : 30765.0,
    "minResTime" : 2452.0,
    "maxResTime" : 151548.0,
    "pct1ResTime" : 72865.00000000001,
    "pct2ResTime" : 76514.8,
    "pct3ResTime" : 130097.27999999997,
    "throughput" : 32.95718202910778,
    "receivedKBytesPerSec" : 25.155753582445687,
    "sentKBytesPerSec" : 8.033313119595023
  },
  "Total" : {
    "transaction" : "Total",
    "sampleCount" : 30000,
    "errorCount" : 32,
    "errorPct" : 0.10666667,
    "meanResTime" : 7113.49076666663,
    "medianResTime" : 613.0,
    "minResTime" : 248.0,
    "maxResTime" : 151548.0,
    "pct1ResTime" : 39234.70000000002,
    "pct2ResTime" : 68363.55,
    "pct3ResTime" : 77672.99,
    "throughput" : 195.45374587103962,
    "receivedKBytesPerSec" : 167.9367088195245,
    "sentKBytesPerSec" : 72.48483604688283
  },
  "GetBooking" : {
    "transaction" : "GetBooking",
    "sampleCount" : 5000,
    "errorCount" : 0,
    "errorPct" : 0.0,
    "meanResTime" : 660.4187999999988,
    "medianResTime" : 424.5,
    "minResTime" : 248.0,
    "maxResTime" : 31171.0,
    "pct1ResTime" : 1057.6000000000022,
    "pct2ResTime" : 1381.7999999999993,
    "pct3ResTime" : 3716.2799999999843,
    "throughput" : 35.29901798131976,
    "receivedKBytesPerSec" : 31.884527425572024,
    "sentKBytesPerSec" : 16.684301467733167
  },
  "DeleteBooking" : {
    "transaction" : "DeleteBooking",
    "sampleCount" : 5000,
    "errorCount" : 8,
    "errorPct" : 0.16,
    "meanResTime" : 654.6658000000009,
    "medianResTime" : 497.0,
    "minResTime" : 248.0,
    "maxResTime" : 21148.0,
    "pct1ResTime" : 1206.0,
    "pct2ResTime" : 1292.0,
    "pct3ResTime" : 2322.99,
    "throughput" : 35.968117860328604,
    "receivedKBytesPerSec" : 26.542475874384944,
    "sentKBytesPerSec" : 8.885811117025868
  },
  "CreateBooking" : {
    "transaction" : "CreateBooking",
    "sampleCount" : 5000,
    "errorCount" : 0,
    "errorPct" : 0.0,
    "meanResTime" : 904.5039999999973,
    "medianResTime" : 730.0,
    "minResTime" : 286.0,
    "maxResTime" : 52554.0,
    "pct1ResTime" : 1178.0,
    "pct2ResTime" : 1877.9499999999998,
    "pct3ResTime" : 4363.62999999997,
    "throughput" : 35.24229074889868,
    "receivedKBytesPerSec" : 32.82632158590308,
    "sentKBytesPerSec" : 16.14124449339207
  },
  "UpdateBooking" : {
    "transaction" : "UpdateBooking",
    "sampleCount" : 5000,
    "errorCount" : 8,
    "errorPct" : 0.16,
    "meanResTime" : 741.8897999999987,
    "medianResTime" : 538.0,
    "minResTime" : 249.0,
    "maxResTime" : 15943.0,
    "pct1ResTime" : 1262.0,
    "pct2ResTime" : 1509.8499999999995,
    "pct3ResTime" : 3150.859999999997,
    "throughput" : 35.572250798597025,
    "receivedKBytesPerSec" : 32.39787206795723,
    "sentKBytesPerSec" : 17.78529167467042
  },
  "PartialUpdatebooking" : {
    "transaction" : "PartialUpdatebooking",
    "sampleCount" : 5000,
    "errorCount" : 8,
    "errorPct" : 0.16,
    "meanResTime" : 726.475799999998,
    "medianResTime" : 521.0,
    "minResTime" : 248.0,
    "maxResTime" : 56754.0,
    "pct1ResTime" : 1246.9000000000005,
    "pct2ResTime" : 1410.8999999999996,
    "pct3ResTime" : 2881.99,
    "throughput" : 35.807641350664234,
    "receivedKBytesPerSec" : 32.534039639058975,
    "sentKBytesPerSec" : 10.874333082679845
  }
}