{
  "auth" : {
    "transaction" : "auth",
    "sampleCount" : 1500,
    "errorCount" : 0,
    "errorPct" : 0.0,
    "meanResTime" : 11211.368666666664,
    "medianResTime" : 9352.0,
    "minResTime" : 2944.0,
    "maxResTime" : 25576.0,
    "pct1ResTime" : 19849.200000000004,
    "pct2ResTime" : 20640.0,
    "pct3ResTime" : 22218.0,
    "throughput" : 57.577153385536626,
    "receivedKBytesPerSec" : 43.79282300783049,
    "sentKBytesPerSec" : 14.056922213265777
  },
  "Total" : {
    "transaction" : "Total",
    "sampleCount" : 9000,
    "errorCount" : 0,
    "errorPct" : 0.0,
    "meanResTime" : 2303.9084444444525,
    "medianResTime" : 484.0,
    "minResTime" : 284.0,
    "maxResTime" : 25576.0,
    "pct1ResTime" : 8432.600000000002,
    "pct2ResTime" : 12910.949999999999,
    "pct3ResTime" : 20435.97,
    "throughput" : 310.3769355450564,
    "receivedKBytesPerSec" : 267.1419942149188,
    "sentKBytesPerSec" : 115.12842384557023
  },
  "GetBooking" : {
    "transaction" : "GetBooking",
    "sampleCount" : 1500,
    "errorCount" : 0,
    "errorPct" : 0.0,
    "meanResTime" : 481.1666666666663,
    "medianResTime" : 393.0,
    "minResTime" : 286.0,
    "maxResTime" : 3503.0,
    "pct1ResTime" : 674.7000000000003,
    "pct2ResTime" : 1121.95,
    "pct3ResTime" : 1873.7400000000002,
    "throughput" : 67.16518156987418,
    "receivedKBytesPerSec" : 60.76245074553352,
    "sentKBytesPerSec" : 31.746042851385845
  },
  "DeleteBooking" : {
    "transaction" : "DeleteBooking",
    "sampleCount" : 1500,
    "errorCount" : 0,
    "errorPct" : 0.0,
    "meanResTime" : 493.3699999999999,
    "medianResTime" : 428.0,
    "minResTime" : 286.0,
    "maxResTime" : 2288.0,
    "pct1ResTime" : 838.9000000000001,
    "pct2ResTime" : 878.5500000000004,
    "pct3ResTime" : 1527.92,
    "throughput" : 64.74447513812156,
    "receivedKBytesPerSec" : 47.99639454204075,
    "sentKBytesPerSec" : 15.996437705024173
  },
  "CreateBooking" : {
    "transaction" : "CreateBooking",
    "sampleCount" : 1500,
    "errorCount" : 0,
    "errorPct" : 0.0,
    "meanResTime" : 504.06466666666716,
    "medianResTime" : 330.5,
    "minResTime" : 284.0,
    "maxResTime" : 3897.0,
    "pct1ResTime" : 1097.5000000000005,
    "pct2ResTime" : 1208.95,
    "pct3ResTime" : 2205.7400000000002,
    "throughput" : 68.02104117540358,
    "receivedKBytesPerSec" : 63.41474129330673,
    "sentKBytesPerSec" : 31.15416827271903
  },
  "UpdateBooking" : {
    "transaction" : "UpdateBooking",
    "sampleCount" : 1500,
    "errorCount" : 0,
    "errorPct" : 0.0,
    "meanResTime" : 590.0219999999999,
    "medianResTime" : 503.0,
    "minResTime" : 286.0,
    "maxResTime" : 3287.0,
    "pct1ResTime" : 857.9000000000001,
    "pct2ResTime" : 1297.6500000000012,
    "pct3ResTime" : 1822.99,
    "throughput" : 66.3129973474801,
    "receivedKBytesPerSec" : 60.57191506410256,
    "sentKBytesPerSec" : 33.15649867374005
  },
  "PartialUpdatebooking" : {
    "transaction" : "PartialUpdatebooking",
    "sampleCount" : 1500,
    "errorCount" : 0,
    "errorPct" : 0.0,
    "meanResTime" : 543.4586666666671,
    "medianResTime" : 467.5,
    "minResTime" : 287.0,
    "maxResTime" : 2773.0,
    "pct1ResTime" : 843.0,
    "pct2ResTime" : 979.2500000000007,
    "pct3ResTime" : 1646.98,
    "throughput" : 65.56230604484462,
    "receivedKBytesPerSec" : 59.78753032256654,
    "sentKBytesPerSec" : 19.911989433541674
  }
}