{
  "auth" : {
    "transaction" : "auth",
    "sampleCount" : 2500,
    "errorCount" : 0,
    "errorPct" : 0.0,
    "meanResTime" : 13915.955600000016,
    "medianResTime" : 13450.0,
    "minResTime" : 2953.0,
    "maxResTime" : 36698.0,
    "pct1ResTime" : 19201.100000000006,
    "pct2ResTime" : 28647.85,
    "pct3ResTime" : 31551.829999999973,
    "throughput" : 67.58766119657196,
    "receivedKBytesPerSec" : 51.48321122495877,
    "sentKBytesPerSec" : 16.500893846819327
  },
  "Total" : {
    "transaction" : "Total",
    "sampleCount" : 15000,
    "errorCount" : 0,
    "errorPct" : 0.0,
    "meanResTime" : 6342.675799999975,
    "medianResTime" : 5467.0,
    "minResTime" : 254.0,
    "maxResTime" : 36698.0,
    "pct1ResTime" : 11924.199999999997,
    "pct2ResTime" : 15879.399999999987,
    "pct3ResTime" : 22711.469999999965,
    "throughput" : 307.2888925308313,
    "receivedKBytesPerSec" : 263.98964692506246,
    "sentKBytesPerSec" : 114.18303086716925
  },
  "GetBooking" : {
    "transaction" : "GetBooking",
    "sampleCount" : 2500,
    "errorCount" : 0,
    "errorPct" : 0.0,
    "meanResTime" : 2800.6968000000043,
    "medianResTime" : 3093.0,
    "minResTime" : 293.0,
    "maxResTime" : 9176.0,
    "pct1ResTime" : 4518.800000000001,
    "pct2ResTime" : 4723.0,
    "pct3ResTime" : 4877.0,
    "throughput" : 64.47120715888283,
    "receivedKBytesPerSec" : 58.31118478737396,
    "sentKBytesPerSec" : 30.535679171931815
  },
  "DeleteBooking" : {
    "transaction" : "DeleteBooking",
    "sampleCount" : 2500,
    "errorCount" : 0,
    "errorPct" : 0.0,
    "meanResTime" : 5750.381199999987,
    "medianResTime" : 6209.0,
    "minResTime" : 254.0,
    "maxResTime" : 9450.0,
    "pct1ResTime" : 9049.8,
    "pct2ResTime" : 9159.699999999999,
    "pct3ResTime" : 9373.96,
    "throughput" : 60.57081940204487,
    "receivedKBytesPerSec" : 44.59782111619906,
    "sentKBytesPerSec" : 15.0244024688666
  },
  "CreateBooking" : {
    "transaction" : "CreateBooking",
    "sampleCount" : 2500,
    "errorCount" : 0,
    "errorPct" : 0.0,
    "meanResTime" : 2357.6496,
    "medianResTime" : 2249.5,
    "minResTime" : 292.0,
    "maxResTime" : 12397.0,
    "pct1ResTime" : 3653.9,
    "pct2ResTime" : 4648.95,
    "pct3ResTime" : 4941.819999999996,
    "throughput" : 69.87534238917772,
    "receivedKBytesPerSec" : 65.25352521102354,
    "sentKBytesPerSec" : 32.003452715355806
  },
  "UpdateBooking" : {
    "transaction" : "UpdateBooking",
    "sampleCount" : 2500,
    "errorCount" : 0,
    "errorPct" : 0.0,
    "meanResTime" : 6373.15519999999,
    "medianResTime" : 7175.5,
    "minResTime" : 311.0,
    "maxResTime" : 9455.0,
    "pct1ResTime" : 9252.9,
    "pct2ResTime" : 9315.95,
    "pct3ResTime" : 9405.0,
    "throughput" : 60.43610694773485,
    "receivedKBytesPerSec" : 55.03406330077842,
    "sentKBytesPerSec" : 30.277073109558575
  },
  "PartialUpdatebooking" : {
    "transaction" : "PartialUpdatebooking",
    "sampleCount" : 2500,
    "errorCount" : 0,
    "errorPct" : 0.0,
    "meanResTime" : 6858.216400000005,
    "medianResTime" : 7662.0,
    "minResTime" : 296.0,
    "maxResTime" : 10484.0,
    "pct1ResTime" : 9206.0,
    "pct2ResTime" : 9309.95,
    "pct3ResTime" : 9401.0,
    "throughput" : 60.26419824510654,
    "receivedKBytesPerSec" : 54.69663379254652,
    "sentKBytesPerSec" : 18.3617479028059
  }
}