{
  "auth" : {
    "transaction" : "auth",
    "sampleCount" : 300,
    "errorCount" : 0,
    "errorPct" : 0.0,
    "meanResTime" : 3771.6733333333304,
    "medianResTime" : 4006.0,
    "minResTime" : 1627.0,
    "maxResTime" : 7020.0,
    "pct1ResTime" : 4618.9,
    "pct2ResTime" : 4776.799999999999,
    "pct3ResTime" : 6392.1900000000005,
    "throughput" : 42.704626334519574,
    "receivedKBytesPerSec" : 32.5355871886121,
    "sentKBytesPerSec" : 10.425934163701067
  },
  "Total" : {
    "transaction" : "Total",
    "sampleCount" : 1800,
    "errorCount" : 0,
    "errorPct" : 0.0,
    "meanResTime" : 992.5344444444446,
    "medianResTime" : 463.0,
    "minResTime" : 287.0,
    "maxResTime" : 7020.0,
    "pct1ResTime" : 3853.5000000000014,
    "pct2ResTime" : 4382.649999999999,
    "pct3ResTime" : 4675.93,
    "throughput" : 211.98916499823343,
    "receivedKBytesPerSec" : 182.39257007419621,
    "sentKBytesPerSec" : 78.63335075373925
  },
  "GetBooking" : {
    "transaction" : "GetBooking",
    "sampleCount" : 300,
    "errorCount" : 0,
    "errorPct" : 0.0,
    "meanResTime" : 377.0200000000001,
    "medianResTime" : 352.5,
    "minResTime" : 287.0,
    "maxResTime" : 498.0,
    "pct1ResTime" : 476.90000000000003,
    "pct2ResTime" : 490.95,
    "pct3ResTime" : 497.0,
    "throughput" : 60.67961165048544,
    "receivedKBytesPerSec" : 54.765719811893206,
    "sentKBytesPerSec" : 28.680597694174757
  },
  "DeleteBooking" : {
    "transaction" : "DeleteBooking",
    "sampleCount" : 300,
    "errorCount" : 0,
    "errorPct" : 0.0,
    "meanResTime" : 445.38333333333327,
    "medianResTime" : 458.0,
    "minResTime" : 287.0,
    "maxResTime" : 632.0,
    "pct1ResTime" : 550.0,
    "pct2ResTime" : 574.0,
    "pct3ResTime" : 605.95,
    "throughput" : 61.804697156983934,
    "receivedKBytesPerSec" : 45.949539039967036,
    "sentKBytesPerSec" : 15.27010584054388
  },
  "CreateBooking" : {
    "transaction" : "CreateBooking",
    "sampleCount" : 300,
    "errorCount" : 0,
    "errorPct" : 0.0,
    "meanResTime" : 364.96999999999974,
    "medianResTime" : 359.0,
    "minResTime" : 289.0,
    "maxResTime" : 1162.0,
    "pct1ResTime" : 418.0,
    "pct2ResTime" : 426.95,
    "pct3ResTime" : 1103.5600000000059,
    "throughput" : 60.557125555106985,
    "receivedKBytesPerSec" : 56.48923218611223,
    "sentKBytesPerSec" : 27.7356366067824
  },
  "UpdateBooking" : {
    "transaction" : "UpdateBooking",
    "sampleCount" : 300,
    "errorCount" : 0,
    "errorPct" : 0.0,
    "meanResTime" : 501.1199999999997,
    "medianResTime" : 572.5,
    "minResTime" : 291.0,
    "maxResTime" : 646.0,
    "pct1ResTime" : 598.0,
    "pct2ResTime" : 631.95,
    "pct3ResTime" : 640.0,
    "throughput" : 60.66734074823054,
    "receivedKBytesPerSec" : 55.19859074823053,
    "sentKBytesPerSec" : 30.333670374115265
  },
  "PartialUpdatebooking" : {
    "transaction" : "PartialUpdatebooking",
    "sampleCount" : 300,
    "errorCount" : 0,
    "errorPct" : 0.0,
    "meanResTime" : 495.04000000000013,
    "medianResTime" : 535.5,
    "minResTime" : 288.0,
    "maxResTime" : 951.0,
    "pct1ResTime" : 570.8000000000001,
    "pct2ResTime" : 613.75,
    "pct3ResTime" : 637.95,
    "throughput" : 60.83958629081322,
    "receivedKBytesPerSec" : 55.47096810991685,
    "sentKBytesPerSec" : 18.47764778949503
  }
}